	subject_ID	age	gender	site
0	sub2609	41.0	m	13
1	sub1670	19.0	f	2
2	sub2717	55.0	m	7
3	sub358	27.0	m	2
4	sub2949	22.0	m	3
5	sub944	21.0	f	1
6	sub1076	21.0	f	2
7	sub1075	25.0	f	1
8	sub863	70.0	f	14
9	sub1078	35.0	m	0
10	sub1668	36.0	f	0
11	sub2047	23.0	f	0
12	sub2067	51.0	m	2
13	sub1722	21.0	m	13
14	sub3119	50.0	f	2
15	sub2535	29.0	f	0
16	sub202	22.0	m	13
17	sub1791	42.0	f	0
18	sub1796	21.0	m	8
19	sub2696	20.0	f	2
20	sub411	43.0	f	10
21	sub1046	23.0	f	0
22	sub1117	22.0	f	2
23	sub940	24.0	f	2
24	sub2353	41.0	m	2
25	sub1704	28.0	m	14
26	sub3062	30.0	f	14
27	sub1195	43.82	m	9
28	sub2448	27.0	m	0
29	sub1174	34.0	m	13
30	sub1260	22.0	m	14
31	sub2517	22.0	f	0
32	sub2122	20.0	f	14
33	sub2518	20.0	m	3
34	sub1638	20.0	f	16
35	sub42	41.75	f	9
36	sub3019	23.0	f	1
37	sub1356	20.0	m	8
38	sub2772	40.0	f	2
39	sub986	39.0	f	2
40	sub2912	24.0	m	4
41	sub1310	28.0	f	0
42	sub1840	49.0	m	2
43	sub797	21.0	f	12
44	sub2290	26.0	m	8
45	sub1394	24.0	m	0
46	sub1909	22.0	f	2
47	sub730	37.0	m	10
48	sub3085	23.0	m	8
49	sub1894	34.0	f	2
50	sub1767	18.0	f	14
51	sub2540	33.0	m	2
52	sub751	28.0	m	8
53	sub1751	25.0	f	1
54	sub538	46.71	m	9
55	sub1654	22.0	f	4
56	sub626	36.42	f	9
57	sub3004	41.0	m	0
58	sub1798	23.0	f	10
59	sub2691	36.92	f	9
60	sub2852	22.0	f	2
61	sub402	62.43	f	9
62	sub2849	19.0	m	8
63	sub2521	65.11	f	9
64	sub2552	35.0	m	10
65	sub425	30.0	m	10
66	sub810	24.0	m	2
67	sub3254	25.0	m	16
68	sub1881	19.96	m	5
69	sub150	21.0	f	3
70	sub74	55.0	m	13
71	sub1896	41.0	m	10
72	sub399	42.0	f	0
73	sub3115	23.0	f	4
74	sub758	20.0	f	4
75	sub7	22.0	f	0
76	sub2904	33.0	m	3
77	sub193	19.0	m	8
78	sub19	33.14	f	9
79	sub2937	47.0	f	2
80	sub2350	23.0	m	13
81	sub409	29.0	m	8
82	sub3183	59.0	m	2
83	sub449	28.0	m	14
84	sub1527	22.0	m	1
85	sub803	29.0	f	7
86	sub2508	34.0	f	2
87	sub2833	49.0	m	0
88	sub911	29.0	f	2
89	sub2041	25.0	f	16
90	sub6	33.0	m	2
91	sub1695	19.0	m	3
92	sub1993	21.0	m	1
93	sub2168	41.0	m	0
94	sub2226	20.0	f	8
95	sub1809	46.0	f	14
96	sub2387	22.0	m	2
97	sub2754	28.0	f	0
98	sub1574	31.9	f	9
99	sub2955	45.0	f	12
100	sub571	28.0	f	2
101	sub1016	24.6352	f	15
102	sub767	22.0	m	8
103	sub2726	28.0	f	3
104	sub206	70.52	m	9
105	sub1453	55.0	f	0
106	sub3097	25.0	m	3
107	sub3083	24.0	f	14
108	sub125	43.0	m	13
109	sub3258	21.0	f	13
110	sub1607	18.0	f	0
111	sub416	35.0	f	2
112	sub1323	42.0	f	0
113	sub1054	31.81	m	9
114	sub1951	31.96	f	9
115	sub2867	42.0	f	0
116	sub36	23.0	f	2
117	sub1568	33.0	m	9
118	sub693	22.0	f	4
119	sub2611	29.0	m	3
120	sub1220	24.0	f	2
121	sub3145	54.66	f	9
122	sub182	23.0	f	2
123	sub2303	24.0	f	2
124	sub566	47.0	f	2
125	sub3039	31.58	f	9
126	sub476	70.5	f	9
127	sub2687	24.0	f	0
128	sub629	26.0	f	2
129	sub2899	65.0	f	1
130	sub929	48.0	f	0
131	sub941	28.0	f	0
132	sub1548	18.0	f	4
133	sub3032	60.97	m	9
134	sub2415	56.0	m	0
135	sub3111	19.0	m	8
136	sub2706	25.0	f	8
137	sub395	67.46	f	9
138	sub867	21.0	m	3
139	sub2551	50.0	f	14
140	sub615	28.0	m	3
141	sub403	23.0	f	0
142	sub1969	23.0	m	0
143	sub2885	27.0	m	3
144	sub198	22.0	f	14
145	sub1525	32.0	f	8
146	sub188	55.6	f	9
147	sub650	62.96	f	9
148	sub2469	60.0	m	1
149	sub514	26.0	m	0
150	sub3108	20.0	f	10
151	sub118	25.0	m	2
152	sub2283	60.54	m	9
153	sub2769	19.0	f	4
154	sub3100	29.0	f	8
155	sub816	24.0	f	4
156	sub2104	33.59	m	9
157	sub734	19.0	m	2
158	sub744	47.0	f	2
159	sub2139	29.0	m	10
160	sub1927	27.0	f	13
161	sub792	55.0	f	0
162	sub1444	47.72	m	9
163	sub1464	31.0	m	2
164	sub1145	23.0	m	1
165	sub2640	18.0	f	8
166	sub2795	24.0	m	8
167	sub793	31.0	m	0
168	sub1662	23.0	m	0
169	sub3161	23.0	m	1
170	sub1572	58.77	f	9
171	sub1503	67.77	m	9
172	sub802	23.0	f	0
173	sub2775	24.0	f	7
174	sub824	25.0	f	4
175	sub745	43.0	f	2
176	sub2920	28.24	m	9
177	sub2172	44.0	f	2
178	sub2967	23.0	m	4
179	sub520	64.75	m	9
180	sub2908	61.15	f	9
181	sub1571	55.58	f	9
182	sub1509	27.0	m	1
183	sub3232	22.0	f	0
184	sub1317	71.0	m	14
185	sub144	29.0	f	0
186	sub218	68.47	m	11
187	sub2745	31.59	f	9
188	sub2120	31.0	m	12
189	sub3150	21.0	f	4
190	sub1103	74.0	m	14
191	sub853	56.0	f	2
192	sub2282	34.0	m	3
193	sub1653	30.0	m	0
194	sub2119	57.0	m	6
195	sub1	26.0	f	0
196	sub1940	57.0	m	2
197	sub1496	21.0	f	14
198	sub836	31.0	f	2
199	sub1575	20.0	f	14
200	sub444	19.0	m	16
201	sub2319	35.98	m	9
202	sub2022	50.0	f	13
203	sub1245	19.0	m	10
204	sub554	58.66	m	9
205	sub505	22.0	m	1
206	sub281	19.0	f	4
207	sub2213	24.38	m	9
208	sub2731	19.0	f	8
209	sub1334	58.57	f	9
210	sub1687	33.08	f	9
211	sub2161	24.0	f	1
212	sub136	23.6386	m	15
213	sub3118	26.0	f	1
214	sub1223	26.0	m	0
215	sub2936	27.0	m	0
216	sub2966	35.0	m	0
217	sub439	19.0	m	3
218	sub257	21.0	f	4
219	sub1006	21.0	f	8
220	sub99	35.0	m	0
221	sub2418	18.0	m	14
222	sub588	65.33	m	9
223	sub720	30.0	m	2
224	sub1429	24.0	m	8
225	sub2260	78.0	f	14
226	sub3288	24.0	f	0
227	sub117	29.0	m	9
228	sub3138	39.18	m	9
229	sub2409	30.0	m	2
230	sub2763	26.64	f	5
231	sub1689	59.0	m	2
232	sub2033	60.6	f	9
233	sub282	23.0	f	1
234	sub1408	37.0	m	8
235	sub2028	55.0	f	2
236	sub2632	21.0	f	1
237	sub2012	48.0	m	2
238	sub1705	69.55	m	9
239	sub2970	20.0	m	3
240	sub2941	18.0	m	3
241	sub1080	18.0	m	8
242	sub1994	21.0	f	4
243	sub1869	80.0	f	14
244	sub274	25.0	m	14
245	sub2808	21.0	f	2
246	sub1601	22.0	f	14
247	sub1303	48.0	f	0
248	sub3179	23.0	f	1
249	sub448	28.0	f	0
250	sub1381	22.0	m	8
251	sub2422	71.21	f	9
252	sub1210	35.0	f	2
253	sub2884	22.0	f	8
254	sub483	54.61	f	9
255	sub4	28.0	f	1
256	sub133	28.16	f	9
257	sub77	65.0	f	14
258	sub184	25.0	f	8
259	sub8	18.0	f	2
260	sub3299	49.0	f	2
261	sub2433	41.0	m	10
262	sub1639	21.910999999999998	m	15
263	sub2780	25.0	f	8
264	sub2979	90.0	f	14
265	sub736	25.0	f	0
266	sub320	26.0	f	14
267	sub11	34.0	f	0
268	sub214	25.0	m	1
269	sub2031	26.0	m	2
270	sub994	24.0	f	1
271	sub242	54.0	f	7
272	sub747	20.0	f	2
273	sub2894	26.0	f	2
274	sub1528	22.0	f	0
275	sub2171	62.25	f	9
276	sub2981	36.0	f	2
277	sub1086	57.0	f	14
278	sub2463	54.0	f	14
279	sub3011	71.0	f	13
280	sub32	25.0	f	2
281	sub2325	24.0	m	2
282	sub2190	23.0	m	8
283	sub668	22.0	m	4
284	sub375	23.0	f	1
285	sub2354	26.0	m	8
286	sub1270	19.0	m	3
287	sub2555	28.0	m	2
288	sub1252	22.0	m	3
289	sub1451	23.0	f	8
290	sub305	21.0	f	2
291	sub2405	22.0	m	0
292	sub1562	46.0	f	14
293	sub2668	29.0	m	3
294	sub2375	29.0	f	2
295	sub1782	50.0	f	13
296	sub2026	30.0	m	3
297	sub1996	24.0	m	0
298	sub1820	33.0	f	2
299	sub1851	23.0	f	10
300	sub3271	24.14	f	9
301	sub140	70.95	f	9
302	sub3257	22.0	m	4
303	sub3122	29.0	m	2
304	sub719	27.0	m	1
305	sub1866	49.0	f	0
306	sub1964	32.0	m	2
307	sub3048	23.0	m	1
308	sub1625	82.0	f	14
309	sub2265	57.86	m	9
310	sub924	22.0	m	10
311	sub1800	44.48	m	9
312	sub1321	25.0	m	2
313	sub1037	22.0	m	14
314	sub2030	39.0	f	2
315	sub799	41.51	f	9
316	sub1150	33.0	m	2
317	sub665	19.0	m	4
318	sub287	23.0	f	1
319	sub2586	21.0	f	0
320	sub385	53.75	m	9
321	sub1557	19.0	m	1
322	sub1074	31.0	f	2
323	sub1440	64.66	f	9
324	sub1830	21.0	m	3
325	sub2109	23.96	f	5
326	sub2756	75.08	f	9
327	sub100	81.0	m	14
328	sub1748	34.0	m	14
329	sub2075	66.91	f	9
330	sub1262	23.0	f	2
331	sub229	29.34	f	5
332	sub1754	30.0	f	14
333	sub172	47.0	f	13
334	sub1193	28.85	f	5
335	sub2008	21.0	f	0
336	sub1324	21.0	f	14
337	sub2707	20.0	m	1
338	sub1187	27.0	f	0
339	sub2038	46.0	f	2
340	sub754	58.28	f	9
341	sub2287	28.0	f	0
342	sub2897	25.0	f	2
343	sub1570	31.0	m	14
344	sub1628	19.0	m	8
345	sub3240	24.7666	f	15
346	sub834	42.63	f	5
347	sub2194	28.0	f	1
348	sub782	48.0	f	2
349	sub2975	59.38	f	9
350	sub1437	33.0	m	14
351	sub1036	18.0	m	0
352	sub525	23.0	m	2
353	sub903	34.0	f	2
354	sub2699	28.87	m	9
355	sub2420	22.0	f	16
356	sub2732	23.0	m	3
357	sub2455	24.0	f	0
358	sub2459	17.0	f	2
359	sub3219	76.52	m	11
360	sub586	26.0	f	1
361	sub849	30.67	m	9
362	sub2386	24.0	f	14
363	sub1702	22.0	f	0
364	sub2639	32.63	m	5
365	sub1168	21.0	m	1
366	sub2692	23.0	m	8
367	sub2797	41.33	m	9
368	sub2715	25.0	f	8
369	sub13	18.0	f	2
370	sub1907	21.0	f	0
371	sub900	51.88	m	9
372	sub3201	64.0	m	2
373	sub1374	24.0	m	13
374	sub787	26.0	f	16
375	sub16	40.0	f	2
376	sub1062	45.0	f	7
377	sub3280	30.0	m	0
378	sub2024	26.0	m	3
379	sub135	25.13	m	5
380	sub1967	22.0	f	8
381	sub494	50.57	f	9
382	sub1972	47.0	m	13
383	sub815	65.0	f	2
384	sub3164	63.0	f	14
385	sub2002	33.92	m	9
386	sub493	38.0	m	2
387	sub946	18.0	m	3
388	sub1554	24.0	m	4
389	sub2083	47.01	f	9
390	sub3243	19.0	f	8
391	sub1137	27.0	f	8
392	sub3036	57.21	f	9
393	sub2147	46.17	f	9
394	sub2206	48.0	m	0
395	sub1618	29.77	m	9
396	sub1113	20.0	m	1
397	sub1330	39.0	m	7
398	sub1318	30.0	m	2
399	sub207	21.3	f	15
400	sub3207	20.0	m	3
401	sub3126	63.84	f	9
402	sub1468	23.0	m	3
403	sub1592	25.0	m	16
404	sub694	75.0	m	14
405	sub2983	27.0	f	14
406	sub2839	19.0	m	8
407	sub890	30.0	f	8
408	sub1826	46.0	m	3
409	sub1191	30.0	f	0
410	sub959	22.0	m	1
411	sub1376	20.0	f	4
412	sub2276	25.0	m	3
413	sub1288	25.0	m	3
414	sub2406	47.0	f	2
415	sub3170	58.0	f	0
416	sub72	43.0	f	7
417	sub323	22.0	m	13
418	sub1459	22.0	f	8
419	sub536	38.0	f	14
420	sub203	66.33	f	9
421	sub37	20.0	f	14
422	sub40	30.0	f	2
423	sub659	23.0	m	4
424	sub901	59.0	f	0
425	sub883	35.45	m	9
426	sub1802	36.0	m	10
427	sub2801	26.0	m	3
428	sub2496	20.0	m	14
429	sub725	62.0	m	0
430	sub695	42.0	f	2
431	sub2931	34.48	f	9
432	sub22	26.0	m	3
433	sub398	54.0	f	0
434	sub507	75.82	m	11
435	sub349	39.0	f	2
436	sub3137	20.0	m	3
437	sub913	22.43	m	9
438	sub3272	22.0	f	2
439	sub1756	50.0	f	2
440	sub2537	24.0	f	0
441	sub1326	71.0	f	14
442	sub1248	23.6769	f	15
443	sub3075	66.91	f	9
444	sub2787	51.29	m	9
445	sub1579	25.0	m	13
446	sub2773	53.0	f	2
447	sub3033	19.0	f	4
448	sub289	26.0	f	16
449	sub857	21.0	m	14
450	sub807	69.0	f	14
451	sub2987	54.0	f	2
452	sub249	48.0	m	7
453	sub2341	20.0	f	14
454	sub968	23.0	m	10
455	sub1154	52.5	m	9
456	sub2598	70.33	f	9
457	sub1631	24.0	f	2
458	sub1458	24.0	m	8
459	sub1107	43.0	m	13
460	sub783	25.0	f	2
461	sub1683	26.0	m	1
462	sub1930	19.0	m	4
463	sub1977	20.0	f	14
464	sub544	20.0	f	1
465	sub2404	18.0	m	2
466	sub2162	21.0	f	4
467	sub407	23.0	m	14
468	sub1470	68.48	m	9
469	sub2547	45.0	m	2
470	sub1224	42.99	m	9
471	sub1462	25.0	f	1
472	sub391	25.0	f	8
473	sub1304	48.68	m	9
474	sub334	24.0	f	8
475	sub137	43.0	m	13
476	sub3279	33.0	m	3
477	sub3024	31.0	m	0
478	sub2222	22.0	m	2
479	sub168	21.0	f	2
480	sub1435	32.0	m	3
481	sub991	19.0	m	8
482	sub1412	35.0	f	2
483	sub884	21.0	f	4
484	sub422	61.0	f	13
485	sub707	22.0	f	2
486	sub1404	34.0	m	8
487	sub2713	44.0	m	0
488	sub1720	19.0	m	13
489	sub285	59.0	f	0
490	sub3241	27.0	m	1
491	sub1559	90.0	f	14
492	sub2613	25.0	f	0
493	sub1688	19.0	m	3
494	sub1795	23.0	m	8
495	sub1903	28.0	m	2
496	sub294	22.53	f	9
497	sub831	56.0	f	0
498	sub1034	34.0	f	2
499	sub2573	31.0	m	2
500	sub1948	23.0	m	8
501	sub296	22.0	f	3
502	sub1311	26.0	m	4
503	sub61	24.0	m	8
504	sub1701	25.0	m	0
505	sub1959	19.0	f	14
506	sub145	33.0	f	0
507	sub1413	29.0	m	14
508	sub2888	33.0	m	2
509	sub981	25.0	m	3
510	sub856	32.0	f	2
511	sub1780	32.0	f	8
512	sub2995	46.3	m	9
513	sub1398	52.0	f	2
514	sub1221	55.0	f	2
515	sub1715	25.0	f	1
516	sub2526	56.87	m	9
517	sub2980	22.0	m	2
518	sub705	35.0	m	2
519	sub1474	23.0	m	8
520	sub2484	28.0	f	12
521	sub614	47.0	f	2
522	sub2062	23.0	m	2
523	sub563	21.0	f	16
524	sub2637	24.62	f	9
525	sub1463	20.0	f	8
526	sub3063	33.28	f	5
527	sub583	27.0	m	2
528	sub2039	63.42	m	9
529	sub723	56.0	m	0
530	sub209	51.0	m	2
531	sub291	46.0	m	10
532	sub1361	25.0	f	2
533	sub1348	31.0	f	2
534	sub1649	78.58	f	9
535	sub1666	51.0	m	2
536	sub3020	30.0	m	10
537	sub839	30.0	m	7
538	sub1947	19.0	f	8
539	sub535	22.0	m	1
540	sub3040	20.0	f	13
541	sub1502	64.0	f	13
542	sub1097	90.0	f	14
543	sub1233	24.0	m	8
544	sub2400	37.0	m	0
545	sub2131	31.0	f	2
546	sub66	41.0	f	2
547	sub1226	61.34	f	9
548	sub1492	23.0	m	0
549	sub1963	29.0	f	2
550	sub669	21.0	f	2
551	sub1684	31.46	m	9
552	sub3210	30.0	m	3
553	sub1847	57.0	f	2
554	sub1973	24.28	m	9
555	sub1083	34.24	f	9
556	sub3003	33.0	m	1
557	sub3202	25.0	m	0
558	sub3092	34.0	m	2
559	sub1077	30.0	f	8
560	sub2057	44.0	m	2
561	sub412	75.97	f	9
562	sub869	23.0965	f	15
563	sub528	28.0	m	2
564	sub2097	21.0	f	1
565	sub1422	40.0	f	0
566	sub2907	28.0	m	3
567	sub2906	55.12	m	9
568	sub1110	62.74	m	9
569	sub1786	60.0	f	13
570	sub2141	25.0	m	1
571	sub1395	39.0	f	2
572	sub1917	25.0	f	1
573	sub1256	33.0	m	2
574	sub1302	22.0	m	0
575	sub1019	18.0	m	0
576	sub2634	55.22	f	9
577	sub63	32.0	m	3
578	sub632	29.0	m	7
579	sub1375	55.17	m	9
580	sub3195	24.0	m	2
581	sub1488	33.0	m	14
582	sub551	57.0	f	2
583	sub1885	47.0	f	0
584	sub2327	22.0	f	1
585	sub2976	22.0	m	3
586	sub183	30.01	m	9
587	sub58	47.0	m	2
588	sub1365	35.0	f	2
589	sub830	39.38	m	9
590	sub3172	49.37	f	5
591	sub3110	24.0	m	3
592	sub205	67.0	m	13
593	sub1269	30.0	m	8
594	sub612	31.0	m	1
595	sub697	45.77	m	9
596	sub1678	35.41	f	9
597	sub149	46.0	m	13
598	sub1657	20.0	f	4
599	sub1146	21.0	f	8
600	sub1414	24.0	m	0
601	sub1003	21.0	m	0
602	sub1467	78.07	m	9
603	sub2332	30.0	m	2
604	sub1142	62.46	f	9
605	sub96	61.0	f	0
606	sub1596	54.28	m	9
607	sub189	29.0	m	2
608	sub932	24.0	m	8
609	sub827	21.0	m	8
610	sub28	24.76	m	9
611	sub1198	23.0	f	10
612	sub2898	23.0	f	2
613	sub769	46.01	f	9
614	sub2357	27.0	f	0
615	sub1904	20.0	f	13
616	sub2841	20.0	f	3
617	sub495	47.0	m	2
618	sub3157	27.0	m	3
619	sub482	62.8	f	9
620	sub1222	19.0	f	8
621	sub2413	45.0	m	0
622	sub1219	55.0	m	0
623	sub3132	32.0	f	2
624	sub3081	21.0	m	2
625	sub1772	54.21	f	9
626	sub413	23.0	m	3
627	sub80	31.0	f	2
628	sub1783	21.0	f	1
629	sub1278	22.0	m	1
630	sub270	25.0	f	0
631	sub1635	26.0	f	8
632	sub2562	43.92	f	9
633	sub62	26.0	f	8
634	sub1906	28.0	f	0
635	sub3120	25.0	m	2
636	sub2875	21.0	m	4
637	sub2432	23.0	f	1
638	sub3206	60.95	f	11
639	sub2331	36.0	f	13
640	sub866	26.93	f	9
641	sub662	40.0	m	2
642	sub2621	37.7	f	9
643	sub3155	22.0	m	14
644	sub2164	46.0	f	2
645	sub1431	45.0	f	0
646	sub1561	52.0	f	2
647	sub1423	22.0	f	0
648	sub2695	22.0	m	8
649	sub2516	41.0	m	2
650	sub2770	21.38	m	9
651	sub2655	30.0	m	12
652	sub640	28.0	m	3
653	sub2663	29.0	f	8
654	sub2050	23.11	f	9
655	sub667	70.0	m	14
656	sub2583	74.99	m	9
657	sub1140	29.0	m	9
658	sub2279	22.0	m	3
659	sub603	66.9	f	11
660	sub1597	24.0	m	0
661	sub1170	48.0	f	2
662	sub851	19.0	f	14
663	sub1072	22.0	f	0
664	sub970	24.0	m	2
665	sub2305	18.0	f	2
666	sub861	55.0	m	2
667	sub858	54.0	f	0
668	sub1390	22.0	f	4
669	sub1640	42.51	f	9
670	sub1257	23.0	f	8
671	sub1125	31.0	f	14
672	sub20	21.0	m	13
673	sub2854	66.02	f	9
674	sub210	49.0	f	2
675	sub1674	23.0	f	3
676	sub91	52.0	m	2
677	sub1011	32.42	f	9
678	sub983	22.0	m	8
679	sub321	56.0	f	7
680	sub2799	20.0	f	2
681	sub2844	43.0	m	3
682	sub2326	19.0	m	4
683	sub655	51.0	m	2
684	sub1306	67.33	f	9
685	sub2856	22.0	m	12
686	sub1652	28.0	m	3
687	sub2159	28.0	f	3
688	sub367	83.56	m	11
689	sub2336	50.0	m	2
690	sub3021	30.0	f	8
691	sub592	46.0	f	2
692	sub2572	57.0	m	2
693	sub1953	22.0	f	2
694	sub1854	30.0	m	2
695	sub926	62.0	f	14
696	sub1246	48.0	m	0
697	sub1449	24.0	m	2
698	sub1135	38.0	m	2
699	sub509	26.0	f	2
700	sub432	28.0	f	16
701	sub2434	69.29	f	9
702	sub1608	52.3	f	9
703	sub2990	28.0	f	8
704	sub78	35.8	f	9
705	sub529	39.04	m	5
706	sub962	22.0	f	14
707	sub181	70.14	f	9
708	sub1084	24.0	f	2
709	sub2838	23.0	m	8
710	sub953	21.8097	f	15
711	sub1887	29.0	f	0
712	sub1599	28.44	f	5
713	sub577	18.0	f	14
714	sub377	23.0	m	3
715	sub120	22.0	m	4
716	sub2113	56.44	m	9
717	sub2035	20.0	m	3
718	sub2943	20.21	m	9
719	sub1261	72.35	f	9
720	sub2263	27.0	f	2
721	sub1120	20.0	m	8
722	sub670	77.0	f	14
723	sub2561	64.0	m	13
724	sub1507	19.0	m	4
725	sub1029	21.0	m	3
726	sub1898	41.0	f	2
727	sub1808	41.95	f	9
728	sub1114	23.0	m	4
729	sub2373	19.0	f	8
730	sub1761	39.0	m	3
731	sub557	47.07	m	9
732	sub408	59.0	m	14
733	sub1822	40.0	m	13
734	sub2660	19.0	f	4
735	sub1401	36.0	m	2
736	sub2743	35.99	f	9
737	sub2071	36.0	m	3
738	sub1043	83.46	m	9
739	sub1749	46.0	f	0
740	sub1821	22.0	m	2
741	sub1908	26.0	f	2
742	sub2858	24.0	f	1
743	sub3089	28.0	m	2
744	sub2281	45.0	f	2
745	sub104	54.74	f	9
746	sub1273	72.0	m	13
747	sub1533	56.0	m	0
748	sub1122	22.0	f	1
749	sub474	54.0	m	0
750	sub3265	52.0	f	2
751	sub2644	24.0	m	0
752	sub756	34.37	m	9
753	sub2352	46.0	m	2
754	sub1781	22.0	f	13
755	sub558	21.0	m	13
756	sub634	27.0	m	2
757	sub1004	28.0	m	8
758	sub3104	59.84	f	9
759	sub1626	54.0	m	2
760	sub2677	32.0	f	2
761	sub2011	68.0	m	13
762	sub2244	29.36	f	9
763	sub1061	69.69	f	9
764	sub1313	21.0	m	8
765	sub1194	34.0	f	0
766	sub1859	25.0	m	4
767	sub67	31.0	m	2
768	sub1646	18.0	m	10
769	sub546	21.0	m	4
770	sub3073	22.0	m	0
771	sub1569	20.0	f	8
772	sub2753	41.06	f	9
773	sub171	28.0	f	0
774	sub618	25.0	f	1
775	sub1943	20.0	f	2
776	sub152	28.0	m	8
777	sub1397	36.16	m	9
778	sub2471	25.0	m	2
779	sub364	29.0	m	2
780	sub2766	55.0	f	0
781	sub589	19.0	m	4
782	sub1274	36.0	m	10
783	sub2918	22.0	m	14
784	sub84	39.04	m	9
785	sub3269	48.0	f	2
786	sub2339	31.0	m	8
787	sub1167	89.0	f	14
788	sub714	28.0	f	13
789	sub3186	54.49	f	9
790	sub3298	53.54	f	9
791	sub2876	22.0	m	1
792	sub3072	20.0	f	4
793	sub1028	43.0	m	10
794	sub1856	22.0	f	2
795	sub461	53.0	m	2
796	sub2618	43.16	m	9
797	sub949	21.0	m	8
798	sub1949	56.0	m	2
799	sub1215	23.0	f	0
800	sub689	58.28	f	9
801	sub1038	25.0	f	1
802	sub2183	22.0	m	14
803	sub727	47.0	m	1
804	sub647	52.0	m	2
805	sub450	50.0	f	0
806	sub743	22.0	f	14
807	sub2428	59.67	f	9
808	sub2703	26.0	m	10
809	sub1231	58.38	f	9
810	sub3149	47.0	f	2
811	sub2348	63.0	m	13
812	sub1276	49.0	m	2
813	sub1839	22.0	m	2
814	sub3091	30.0	f	7
815	sub1594	37.0	m	3
816	sub2762	22.0	f	2
817	sub105	19.0	f	4
818	sub664	63.0	f	2
819	sub1719	20.17	m	9
820	sub1455	37.95	m	9
821	sub2543	22.0	f	13
822	sub3289	69.28	m	9
823	sub1300	30.42	m	9
824	sub2752	22.0	f	8
825	sub2217	23.0	m	8
826	sub3027	29.0	f	3
827	sub1420	20.0	m	4
828	sub2117	33.0	m	3
829	sub3246	57.0	m	0
830	sub966	21.0	m	3
831	sub591	24.0	m	4
832	sub122	56.0	m	0
833	sub1312	50.0	f	10
834	sub1841	27.0	f	2
835	sub741	46.59	f	9
836	sub945	23.0	m	3
837	sub1126	50.0	m	14
838	sub2944	27.71	m	5
839	sub3291	51.0	m	0
840	sub1148	28.0	f	2
841	sub486	39.0	f	10
842	sub2361	23.0	m	3
843	sub1286	21.0	f	1
844	sub2679	39.4	f	9
845	sub2299	30.0	f	0
846	sub2510	26.0	f	0
847	sub414	67.85	m	11
848	sub1121	19.0	m	14
849	sub1151	22.0	f	2
850	sub1612	22.0	f	0
851	sub898	23.0	m	4
852	sub2672	33.0	f	0
853	sub68	18.0	f	1
854	sub2394	27.0	m	2
855	sub555	22.0	f	4
856	sub1984	28.0	m	2
857	sub2036	38.77	m	9
858	sub508	61.0	f	0
859	sub1002	19.0	f	4
860	sub878	23.0	f	1
861	sub1385	55.0	f	14
862	sub2080	23.0	f	1
863	sub2500	18.0	m	0
864	sub239	27.0	m	8
865	sub722	55.0	f	2
866	sub428	19.0	f	4
867	sub3042	27.0	m	8
868	sub2277	59.0	f	6
869	sub2779	53.0	f	2
870	sub1328	44.0	m	8
871	sub2610	36.0	m	8
872	sub696	48.0	m	2
873	sub1857	27.0	m	3
874	sub2921	49.4	f	9
875	sub153	45.0	f	0
876	sub335	52.0	f	0
877	sub2690	25.0	m	3
878	sub1073	37.0	m	2
879	sub951	29.0	f	2
880	sub3194	24.31	f	9
881	sub2267	49.04	f	9
882	sub2847	69.72	f	11
883	sub3158	24.85	m	9
884	sub2475	20.0	f	14
885	sub2929	33.0	m	8
886	sub2230	19.0	f	3
887	sub420	45.0	f	2
888	sub1828	56.0	f	1
889	sub308	47.0	m	10
890	sub166	44.0	f	2
891	sub895	49.6	f	9
892	sub2072	23.85	m	9
893	sub942	59.74	f	9
894	sub2322	45.0	f	2
895	sub1188	19.0	f	4
896	sub2905	23.0	f	4
897	sub2928	19.0	m	8
898	sub2646	25.19	m	9
899	sub341	24.0	f	16
900	sub253	20.0	f	1
901	sub2090	24.9	f	9
902	sub3251	30.0	m	1
903	sub2910	28.0	m	3
904	sub2968	21.0	m	14
905	sub3200	20.0	f	4
906	sub1542	36.0	f	2
907	sub549	24.0	m	2
908	sub3191	44.0	m	0
909	sub2863	50.0	m	10
910	sub338	25.0	f	8
911	sub832	23.0	f	0
912	sub2778	24.0	f	14
913	sub473	47.0	m	2
914	sub1735	20.0	m	4
915	sub1417	19.0	f	8
916	sub497	21.15	f	9
917	sub1588	71.0	f	14
918	sub2916	65.67	f	9
919	sub2201	37.1	m	9
920	sub2359	19.0	m	3
921	sub928	24.0	f	2
922	sub2229	34.0	m	2
923	sub1217	46.0	f	2
924	sub1282	70.11	m	9
925	sub477	23.0	f	8
926	sub1672	28.46	m	5
927	sub213	65.26	f	9
928	sub1817	73.0	f	14
929	sub1811	50.0	m	14
930	sub2106	49.39	m	9
931	sub882	26.0	f	2
932	sub2825	72.59	f	9
933	sub2324	31.0	m	8
934	sub977	36.0	m	0
935	sub1925	33.35	m	9
936	sub2739	40.0	m	2
937	sub3123	42.0	m	3
938	sub2529	78.0	f	13
939	sub2536	41.3	m	9
940	sub2581	42.0	f	13
941	sub1491	20.0	f	14
942	sub332	62.68	m	9
943	sub2237	24.0	m	2
944	sub2820	59.47	m	9
945	sub3071	22.0	m	2
946	sub1089	23.0	f	4
947	sub1236	73.02	m	9
948	sub850	74.0	f	13
949	sub14	52.0	f	14
950	sub2152	28.0	m	2
951	sub27	23.0	m	0
952	sub29	47.0	m	2
953	sub1041	22.0	m	1
954	sub2124	33.0	f	2
955	sub2554	20.0	f	1
956	sub550	62.0	m	9
957	sub3058	50.0	m	0
958	sub602	42.37	f	9
959	sub1287	50.0	m	0
960	sub620	29.0	m	8
961	sub1147	45.0	f	14
962	sub1999	19.0	f	8
963	sub2215	31.0	m	0
964	sub3217	67.82	f	9
965	sub139	61.07	f	9
966	sub1355	28.81	f	9
967	sub2777	18.0	f	8
968	sub2003	20.0	m	14
969	sub1342	21.0	f	8
970	sub1017	51.0	f	2
971	sub1606	25.0	m	3
972	sub44	23.62	m	5
973	sub2317	27.0	f	8
974	sub1295	24.0	f	8
975	sub2220	72.0	m	14
976	sub454	30.44	f	5
977	sub299	38.0	m	2
978	sub2684	23.0	m	13
979	sub1343	63.68	m	9
980	sub158	36.48	f	9
981	sub3130	18.0	m	8
982	sub2000	61.0	f	2
983	sub2208	25.0	f	0
984	sub107	39.0	m	2
985	sub2112	19.0	f	8
986	sub1711	32.3	f	5
987	sub682	24.88	m	9
988	sub2988	21.0	m	2
989	sub2329	19.0	f	16
990	sub3249	44.0	m	2
991	sub2108	49.0	m	2
992	sub865	23.49	m	9
993	sub2006	50.0	f	0
994	sub2701	21.0	m	14
995	sub415	20.0	m	14
996	sub1411	25.0	m	3
997	sub1583	22.0	m	8
998	sub345	23.35	m	9
999	sub2045	45.0	f	13
1000	sub1338	65.0	f	2
1001	sub1978	36.0	f	0
1002	sub1538	28.0	m	0
1003	sub1862	22.0	m	3
1004	sub1249	22.0	f	4
1005	sub601	26.0	f	0
1006	sub1308	63.66	m	9
1007	sub985	34.28	m	9
1008	sub817	34.0	f	2
1009	sub93	26.0	f	0
1010	sub195	21.0	m	3
1011	sub1950	19.0	m	10
1012	sub672	26.0	f	1
1013	sub2558	24.0	f	2
1014	sub1970	19.0	m	13
1015	sub1871	23.0	f	12
1016	sub1752	67.0	f	14
1017	sub357	19.0	m	8
1018	sub683	35.0	m	8
1019	sub1976	28.0	m	8
1020	sub2098	20.0	m	4
1021	sub646	58.0	f	14
1022	sub1209	23.0	f	8
1023	sub3034	73.18	f	9
1024	sub1040	25.0	m	2
1025	sub876	63.54	f	9
1026	sub825	20.0	f	8
1027	sub1834	23.0	f	10
1028	sub746	38.59	f	9
1029	sub15	24.4079	f	15
1030	sub3127	28.0	m	2
1031	sub2257	28.0	m	8
1032	sub1427	20.0	m	10
1033	sub353	23.0	f	2
1034	sub2286	26.0	f	0
1035	sub1251	23.72	f	9
1036	sub1573	27.0	m	13
1037	sub1921	23.0	m	0
1038	sub1159	63.4	f	9
1039	sub1757	42.0	f	2
1040	sub935	24.0	m	2
1041	sub1744	40.0	f	2
1042	sub178	22.0	f	2
1043	sub919	30.3	f	5
1044	sub2478	27.0	f	8
1045	sub510	37.42	f	5
1046	sub716	39.0	m	3
1047	sub1285	24.0	m	2
1048	sub254	58.0	f	0
1049	sub3144	17.0	m	2
1050	sub2261	70.0	f	14
1051	sub2525	60.46	f	9
1052	sub1407	26.0	f	4
1053	sub2439	26.0	m	3
1054	sub2947	21.0	m	13
1055	sub2837	53.0	m	2
1056	sub2579	23.0	m	1
1057	sub1952	54.0	f	2
1058	sub1587	30.0	f	0
1059	sub2705	20.0	m	2
1060	sub1371	86.0	m	14
1061	sub2297	31.0	m	1
1062	sub330	66.53	f	9
1063	sub3029	49.0	m	0
1064	sub3297	22.0	m	12
1065	sub1284	20.0	f	4
1066	sub2049	21.0	f	14
1067	sub2802	47.0	m	2
1068	sub52	20.0	f	4
1069	sub3055	55.0	f	13
1070	sub1738	20.0	m	3
1071	sub225	48.0	f	0
1072	sub843	26.0	f	1
1073	sub2814	24.0	f	2
1074	sub1489	25.0	m	4
1075	sub2869	53.67	f	9
1076	sub2397	31.0	m	2
1077	sub2245	21.0	m	4
1078	sub904	42.22	f	9
1079	sub2939	27.0	f	1
1080	sub833	20.0	f	10
1081	sub2446	46.0	f	2
1082	sub718	36.47	f	9
1083	sub465	24.0	m	8
1084	sub2490	32.0	m	2
1085	sub2284	65.41	f	9
1086	sub2408	21.0	m	8
1087	sub2958	22.0	m	0
1088	sub89	28.0	m	2
1089	sub1693	50.65	m	9
1090	sub1253	27.0	f	0
1091	sub92	27.0	f	10
1092	sub2435	51.0	m	14
1093	sub2013	31.13	m	9
1094	sub3051	37.21	f	9
1095	sub1141	19.0	f	8
1096	sub2524	47.0	m	13
1097	sub1200	57.7	f	9
1098	sub2627	20.0	m	14
1099	sub1051	50.0	m	10
1100	sub1954	39.0	m	2
1101	sub573	66.0	f	13
1102	sub809	29.78	f	9
1103	sub57	24.0	m	8
1104	sub346	28.0	f	8
1105	sub617	25.0	m	12
1106	sub2670	55.58	f	9
1107	sub427	33.0	f	10
1108	sub2864	45.0	m	2
1109	sub1604	32.0	m	3
1110	sub2460	21.0	f	0
1111	sub902	53.0	m	13
1112	sub684	26.58	f	9
1113	sub2114	23.0	f	2
1114	sub1912	29.0	m	2
1115	sub1299	31.0	m	10
1116	sub1807	21.0	m	3
1117	sub1105	44.0	f	2
1118	sub138	44.0	m	13
1119	sub1129	21.0	f	4
1120	sub1775	21.0	m	8
1121	sub1392	21.0	m	3
1122	sub2539	56.0	m	2
1123	sub3205	65.0	m	6
1124	sub1565	26.0	m	3
1125	sub2456	23.0	f	0
1126	sub1478	52.0	f	7
1127	sub2343	86.0	f	14
1128	sub1123	47.0	f	2
1129	sub1823	74.0	f	14
1130	sub559	22.0	m	4
1131	sub564	30.0	m	8
1132	sub192	30.0	m	2
1133	sub2793	58.99	f	9
1134	sub1614	21.0	f	16
1135	sub2074	19.0	m	10
1136	sub1848	22.97	f	9
1137	sub97	28.0	m	13
1138	sub266	33.69	f	9
1139	sub224	60.02	f	9
1140	sub749	31.0	m	8
1141	sub3124	22.0	m	4
1142	sub396	50.02	f	9
1143	sub310	26.0	m	2
1144	sub1171	49.0	m	12
1145	sub2447	18.0	f	3
1146	sub452	30.0	f	2
1147	sub2771	25.0	f	8
1148	sub340	22.0	m	8
1149	sub356	23.0	f	2
1150	sub2744	41.72	f	9
1151	sub2978	73.54	f	9
1152	sub1637	34.0	m	2
1153	sub2599	22.0	f	14
1154	sub518	58.05	f	11
1155	sub2374	24.0	f	0
1156	sub2604	22.0	m	14
1157	sub845	22.0	f	0
1158	sub1692	58.0	f	0
1159	sub344	34.0	m	3
1160	sub821	45.3	m	9
1161	sub691	39.0	f	8
1162	sub2956	21.0	m	3
1163	sub604	57.07	m	9
1164	sub292	37.0	m	0
1165	sub1890	27.33	f	9
1166	sub1244	20.0	f	4
1167	sub484	20.0	f	1
1168	sub2989	20.0	f	8
1169	sub979	25.0	f	2
1170	sub2043	60.91	m	9
1171	sub666	25.0	m	1
1172	sub3009	70.71	m	9
1173	sub2238	21.0	f	0
1174	sub109	19.0	m	1
1175	sub81	52.0	f	0
1176	sub3228	46.0	f	2
1177	sub2532	51.0	m	2
1178	sub2827	35.0	m	10
1179	sub1377	71.0	f	14
1180	sub2661	28.0	f	2
1181	sub268	34.0	m	3
1182	sub642	32.0	f	13
1183	sub1057	24.0	f	8
1184	sub1931	64.0	m	6
1185	sub1442	22.0	f	4
1186	sub630	19.0	f	8
1187	sub3113	43.0	f	2
1188	sub1483	56.0	m	0
1189	sub574	42.0	m	13
1190	sub2789	60.08	m	9
1191	sub186	39.0	f	2
1192	sub1069	21.0	m	2
1193	sub2896	40.0	m	2
1194	sub3203	22.0	f	14
1195	sub729	78.2	f	9
1196	sub1022	85.74	m	11
1197	sub594	29.26	m	9
1198	sub657	22.0	f	14
1199	sub1529	25.0	m	3
1200	sub1576	65.85	m	9
1201	sub739	59.78	f	9
1202	sub2549	22.0	f	1
1203	sub1980	31.0	f	0
1204	sub3188	20.0	f	4
1205	sub3037	20.0	f	2
1206	sub1268	26.0	f	1
1207	sub1680	28.0	m	3
1208	sub3005	19.0	m	14
1209	sub706	26.0	f	2
1210	sub404	19.0	f	1
1211	sub1882	28.0	f	2
1212	sub2595	20.0	f	1
1213	sub155	25.21	f	9
1214	sub2592	28.0	f	8
1215	sub2716	21.0	m	2
1216	sub639	29.0	m	2
1217	sub3270	23.0	m	3
1218	sub2391	22.0	f	10
1219	sub1962	22.0	m	4
1220	sub50	30.14	m	9
1221	sub2241	34.0	m	13
1222	sub3227	27.0	m	8
1223	sub896	23.0	m	8
1224	sub1448	71.0	f	14
1225	sub316	22.0	f	1
1226	sub1471	30.0	m	8
1227	sub1545	27.0	m	8
1228	sub1595	48.0	m	14
1229	sub194	33.0	m	3
1230	sub98	74.0	f	14
1231	sub708	55.0	m	7
1232	sub1801	26.27	f	9
1233	sub1009	62.0	m	1
1234	sub2575	29.0	m	0
1235	sub599	38.0	m	0
1236	sub2328	72.88	f	9
1237	sub2957	35.0	m	2
1238	sub1891	55.0	f	14
1239	sub699	33.0	f	8
1240	sub715	23.0	f	2
1241	sub887	27.0	f	3
1242	sub582	58.0	m	14
1243	sub2860	61.59	m	9
1244	sub690	28.0	f	0
1245	sub613	29.0	f	14
1246	sub1589	29.0	f	2
1247	sub812	75.0	m	13
1248	sub513	47.0	f	0
1249	sub779	30.31	m	5
1250	sub2431	45.0	m	2
1251	sub1027	33.92	m	9
1252	sub2919	18.0	m	4
1253	sub1432	54.0	m	13
1254	sub3274	39.0	m	3
1255	sub1902	24.0	m	8
1256	sub2307	51.0	f	2
1257	sub652	27.0	f	0
1258	sub227	35.81	m	9
1259	sub163	37.0	m	2
1260	sub1526	46.43	f	9
1261	sub948	22.0	f	1
1262	sub2467	20.0	f	14
1263	sub2638	50.0	m	10
1264	sub371	27.0	m	10
1265	sub3292	55.83	m	9
1266	sub1837	55.0	m	2
1267	sub3259	20.0	m	4
1268	sub3214	50.0	f	2
1269	sub2895	24.0	f	4
1270	sub1111	25.0	m	1
1271	sub753	31.0	f	2
1272	sub1556	28.0	m	14
1273	sub108	77.0	f	13
1274	sub1799	37.0	f	13
1275	sub2014	61.0	m	6
1276	sub1180	36.0	f	2
1277	sub1379	36.0	m	0
1278	sub2058	28.0	m	1
1279	sub2764	60.02	f	9
1280	sub1206	74.0	m	14
1281	sub2064	24.0	m	0
1282	sub823	52.0	f	0
1283	sub2233	21.0	m	4
1284	sub2727	24.0	m	0
1285	sub2759	23.0	m	0
1286	sub772	31.0	m	2
1287	sub2964	44.0	m	3
1288	sub1900	26.0	f	2
1289	sub1920	30.0	m	8
1290	sub3047	35.0	m	1
1291	sub397	21.0	f	16
1292	sub2984	26.0	m	2
1293	sub2930	71.66	m	9
1294	sub580	27.0	f	8
1295	sub2676	18.0	f	2
1296	sub2971	31.0	m	0
1297	sub1937	51.0	m	14
1298	sub1727	23.0	m	0
1299	sub2790	27.38	f	9
1300	sub2796	28.0	f	2
1301	sub471	73.6	m	9
1302	sub2430	19.0	f	1
1303	sub116	23.0	f	2
1304	sub306	63.88	f	9
1305	sub174	33.0	m	2
1306	sub131	33.0	m	8
1307	sub355	58.0	f	14
1308	sub2656	22.0	f	14
1309	sub327	19.0	m	3
1310	sub2130	74.01	f	9
1311	sub3284	54.0	f	0
1312	sub1327	20.0	m	3
1313	sub763	40.0	m	13
1314	sub1333	26.0	f	10
1315	sub622	79.41	m	9
1316	sub1863	83.0	f	14
1317	sub55	28.0	f	2
1318	sub241	46.0	m	2
1319	sub361	50.0	f	14
1320	sub3050	23.0	f	0
1321	sub1656	19.0	m	14
1322	sub3178	62.0	m	11
1323	sub1025	66.28	m	9
1324	sub3250	27.0	f	12
1325	sub934	53.54	f	9
1326	sub3175	35.02	f	9
1327	sub237	18.0	m	0
1328	sub1895	44.99	f	9
1329	sub1112	26.0	f	0
1330	sub295	77.0	m	14
1331	sub2221	32.0	m	2
1332	sub2224	27.0	f	8
1333	sub3169	88.0	f	14
1334	sub1460	59.0	f	0
1335	sub1403	26.0	m	2
1336	sub2151	23.0	m	4
1337	sub2903	44.88	f	9
1338	sub2950	26.0	f	2
1339	sub2882	41.74	m	9
1340	sub2070	28.0	m	1
1341	sub1340	70.25	f	9
1342	sub1555	34.29	m	9
1343	sub1201	76.78	f	9
1344	sub2737	40.0	f	2
1345	sub658	64.0	f	14
1346	sub3012	25.66	f	9
1347	sub1664	52.0	f	2
1348	sub2365	59.0	m	14
1349	sub1364	25.0	f	10
1350	sub1045	29.0	f	8
1351	sub263	23.0	m	13
1352	sub2304	30.0	m	2
1353	sub220	59.91	f	9
1354	sub616	32.0	f	8
1355	sub1161	21.0	f	4
1356	sub3148	84.0	f	14
1357	sub2729	34.01	f	9
1358	sub1229	24.2984	f	15
1359	sub1372	22.0	m	8
1360	sub1128	23.0	f	2
1361	sub2020	43.0	f	0
1362	sub275	30.0	m	0
1363	sub1922	45.0	m	0
1364	sub2153	45.0	m	2
1365	sub2366	51.0	f	0
1366	sub2016	58.0	m	14
1367	sub2065	40.0	f	10
1368	sub1497	29.0	f	0
1369	sub3242	45.0	f	2
1370	sub651	86.2	m	9
1371	sub128	20.0	m	16
1372	sub421	22.0	m	1
1373	sub1520	33.76	f	9
1374	sub2323	21.0	f	4
1375	sub113	64.1	f	9
1376	sub915	44.85	f	9
1377	sub692	33.0	m	0
1378	sub1741	30.0	m	2
1379	sub2419	22.0	f	14
1380	sub2528	28.12	m	9
1381	sub1794	53.0	m	13
1382	sub2017	21.9357	f	15
1383	sub2417	29.66	m	9
1384	sub3190	47.0	f	13
1385	sub998	56.0	f	2
1386	sub17	53.0	f	2
1387	sub2378	50.0	m	2
1388	sub972	22.0	f	0
1389	sub764	34.0	m	0
1390	sub2800	56.0	f	0
1391	sub2901	58.0	m	2
1392	sub3163	59.22	f	9
1393	sub1093	26.88	m	9
1394	sub1032	39.0	m	3
1395	sub1706	24.0	m	0
1396	sub3199	29.0	f	2
1397	sub3238	36.0	m	8
1398	sub2040	23.0	f	8
1399	sub1108	21.0	m	4
1400	sub2857	31.0	m	8
1401	sub770	75.63	f	9
1402	sub1181	27.0	m	0
1403	sub2653	28.0	f	0
1404	sub2641	45.0	m	13
1405	sub3077	23.0	f	0
1406	sub1747	50.0	f	0
1407	sub1717	28.0	f	4
1408	sub252	18.0	f	0
1409	sub2073	24.0	f	4
1410	sub2879	52.0	f	0
1411	sub1981	35.0	m	2
1412	sub3079	32.0	m	12
1413	sub907	18.0	m	3
1414	sub892	22.0	f	14
1415	sub1366	37.0	m	2
1416	sub2480	29.0	m	2
1417	sub2720	22.0	f	0
1418	sub1336	42.0	m	10
1419	sub1893	43.0	f	8
1420	sub258	23.0	m	14
1421	sub819	28.0	m	8
1422	sub2199	29.95	m	5
1423	sub1424	37.0	m	2
1424	sub811	53.0	m	10
1425	sub795	73.0	f	14
1426	sub1189	25.0	f	8
1427	sub2829	21.0	f	2
1428	sub1059	30.7	m	9
1429	sub3204	33.0	f	2
1430	sub170	28.0	f	16
1431	sub2180	23.0	f	8
1432	sub2544	38.94	m	9
1433	sub3230	21.0	f	4
1434	sub3103	26.0	m	2
1435	sub2682	21.0	m	8
1436	sub156	26.0	m	0
1437	sub2719	22.0	f	8
1438	sub468	21.0	m	4
1439	sub250	60.41	f	9
1440	sub524	21.0	m	14
1441	sub2635	26.0	f	2
1442	sub1228	20.0	f	4
1443	sub3087	57.0	m	13
1444	sub2961	24.57	f	9
1445	sub325	27.0	f	8
1446	sub2414	49.0	f	14
1447	sub2513	22.0	m	4
1448	sub2977	31.0	f	8
1449	sub2318	33.82	m	5
1450	sub2234	44.0	m	13
1451	sub351	41.0	m	13
1452	sub2306	25.0	m	8
1453	sub1026	37.0	f	0
1454	sub3084	62.51	f	9
1455	sub1590	48.0	f	2
1456	sub2612	30.0	m	14
1457	sub2142	64.0	f	0
1458	sub24	65.0	m	13
1459	sub1466	55.0	f	2
1460	sub1213	20.0	f	12
1461	sub1803	82.19	m	9
1462	sub606	81.0	f	14
1463	sub1884	21.0	f	13
1464	sub1133	35.0	m	8
1465	sub3160	20.0	m	4
1466	sub958	62.02	f	9
1467	sub211	19.0	f	10
1468	sub711	19.0	f	10
1469	sub1694	24.0	f	0
1470	sub1864	31.0	f	0
1471	sub1665	23.0	m	8
1472	sub1923	27.0	f	16
1473	sub141	30.0	m	14
1474	sub2922	28.35	m	9
1475	sub247	27.0	m	0
1476	sub1878	40.0	m	1
1477	sub3069	36.0	f	0
1478	sub1347	21.0	m	13
1479	sub973	23.0	m	2
1480	sub1536	35.0	m	14
1481	sub130	23.0	m	10
1482	sub157	22.0	f	3
1483	sub868	48.0	m	2
1484	sub1879	88.0	f	14
1485	sub259	28.0	f	14
1486	sub3098	80.0	f	14
1487	sub470	32.0	m	0
1488	sub30	30.0	f	8
1489	sub572	50.0	m	0
1490	sub738	75.83	f	9
1491	sub2231	52.53	f	9
1492	sub436	64.0	f	0
1493	sub3044	27.0	m	8
1494	sub1788	35.0	f	2
1495	sub2487	47.0	m	10
1496	sub2781	81.0	f	14
1497	sub2887	67.24	f	9
1498	sub1162	21.02	f	15
1499	sub1106	21.0	f	0
1500	sub1332	19.0	f	13
1501	sub2421	23.0	m	2
1502	sub3001	43.0	m	7
1503	sub2228	39.02	m	9
1504	sub3088	23.0	f	2
1505	sub196	52.67	f	9
1506	sub383	22.0	f	2
1507	sub1956	19.0	f	8
1508	sub1605	46.0	m	13
1509	sub1263	25.0	f	1
1510	sub88	21.0	m	3
1511	sub1899	55.54	f	9
1512	sub2564	26.0	m	8
1513	sub2997	21.0	f	4
1514	sub2511	69.0	f	14
1515	sub231	41.0	f	2
1516	sub2830	30.0	f	0
1517	sub48	21.0	f	2
1518	sub933	38.0	m	10
1519	sub1987	47.0	m	2
1520	sub362	23.0	f	16
1521	sub1357	24.0	f	9
1522	sub1362	49.0	f	2
1523	sub25	52.0	f	2
1524	sub1212	33.0	m	13
1525	sub1487	26.0	f	2
1526	sub2791	29.0	f	0
1527	sub2868	68.85	f	9
1528	sub1476	60.4	f	11
1529	sub1505	25.0	f	1
1530	sub3112	61.0	f	13
1531	sub2946	55.0	f	14
1532	sub1643	27.0	m	2
1533	sub943	23.0	f	0
1534	sub789	39.0	f	7
1535	sub1585	70.11	m	11
1536	sub1933	38.0	f	10
1537	sub2824	24.0	f	4
1538	sub631	22.65	f	9
1539	sub1130	25.0	m	13
1540	sub2381	30.0	m	3
1541	sub677	24.0	m	8
1542	sub1544	26.0	f	4
1543	sub750	21.0	f	13
1544	sub1447	20.0	m	4
1545	sub1021	17.0	m	2
1546	sub2001	23.0	f	2
1547	sub3235	64.77	f	11
1548	sub1434	32.0	m	8
1549	sub1725	45.0	f	2
1550	sub1305	29.74	f	9
1551	sub2588	21.0	m	4
1552	sub3023	72.15	f	9
1553	sub217	30.0	f	0
1554	sub2493	22.0	f	2
1555	sub1127	30.69	f	9
1556	sub512	25.0	m	12
1557	sub1825	18.0	m	13
1558	sub1480	50.0	f	2
1559	sub173	19.0	f	8
1560	sub532	22.0	f	0
1561	sub703	27.08	f	9
1562	sub2308	23.04	m	9
1563	sub3059	28.0	m	1
1564	sub433	31.0	f	2
1565	sub1242	60.84	m	9
1566	sub780	26.0	m	2
1567	sub1919	23.0	m	4
1568	sub1218	29.0	f	13
1569	sub2227	36.55	m	9
1570	sub1724	52.0	f	14
1571	sub441	22.0	f	4
1572	sub2146	27.0	f	1
1573	sub3096	48.0	f	2
1574	sub814	38.0	m	13
1575	sub175	19.0	m	0
1576	sub2835	27.0	m	10
1577	sub2450	22.0	f	16
1578	sub2630	26.0	f	2
1579	sub2593	25.0	m	0
1580	sub2886	61.0	f	2
1581	sub2597	22.0	m	14
1582	sub464	24.0	f	2
1583	sub2718	42.0	f	8
1584	sub2569	19.0	m	1
1585	sub1473	60.87	f	9
1586	sub1535	23.0	f	2
1587	sub674	46.37	f	9
1588	sub114	26.0	f	2
1589	sub469	24.0	f	0
1590	sub2274	31.0	f	2
1591	sub531	49.0	f	0
1592	sub860	30.0	f	2
1593	sub2734	21.0	f	16
1594	sub459	31.59	f	5
1595	sub267	59.0	f	2
1596	sub1861	25.0	f	16
1597	sub2807	22.0	m	2
1598	sub1024	19.0	m	10
1599	sub3136	45.0	m	2
1600	sub1543	26.0	m	1
1601	sub1915	31.0	f	8
1602	sub1296	23.0	f	4
1603	sub781	27.0	f	12
1604	sub847	46.0	f	2
1605	sub2629	23.0	f	8
1606	sub1158	52.0	f	2
1607	sub1018	19.0	m	8
1608	sub2806	24.0	m	14
1609	sub2225	47.0	f	14
1610	sub2285	25.0	m	0
1611	sub3086	50.0	f	2
1612	sub663	57.0	m	0
1613	sub190	19.0	m	3
1614	sub1971	18.0	m	10
1615	sub2889	67.16	f	9
1616	sub95	41.0	m	12
1617	sub997	48.0	m	14
1618	sub1737	42.15	f	9
1619	sub2335	25.0	m	2
1620	sub2813	26.0	f	2
1621	sub2810	24.0	f	8
1622	sub939	23.0	f	0
1623	sub1325	71.0	m	13
1624	sub698	42.0	m	2
1625	sub1521	22.0	m	8
1626	sub2623	23.0	m	3
1627	sub3025	23.0	m	0
1628	sub648	23.0	f	2
1629	sub2264	21.0	m	14
1630	sub1100	26.0	f	2
1631	sub2914	24.0	f	2
1632	sub2390	24.0	f	0
1633	sub2678	52.0	m	0
1634	sub230	31.0	m	2
1635	sub2145	30.0	m	13
1636	sub1456	74.0	m	13
1637	sub3277	27.0	f	1
1638	sub39	41.0	f	14
1639	sub191	20.0	m	3
1640	sub1216	34.0	m	14
1641	sub1132	67.0	f	13
1642	sub748	56.0	m	2
1643	sub1558	63.18	m	9
1644	sub1331	23.499000000000002	f	15
1645	sub1609	35.0	f	2
1646	sub1166	27.0	f	2
1647	sub761	50.0	m	2
1648	sub2877	23.0	f	2
1649	sub1418	30.0	m	2
1650	sub180	63.04	f	9
1651	sub820	59.26	m	9
1652	sub1946	44.0	f	0
1653	sub1203	22.57	f	9
1654	sub2750	60.0	f	14
1655	sub3082	55.0	f	14
1656	sub2150	21.0	f	16
1657	sub2255	20.0	f	8
1658	sub490	28.0	f	8
1659	sub3294	30.0	m	8
1660	sub366	41.23	m	9
1661	sub2704	26.0	m	2
1662	sub2188	23.0	f	12
1663	sub3209	21.0	m	3
1664	sub2711	23.0	f	1
1665	sub1957	30.0	m	8
1666	sub2253	19.0	f	8
1667	sub1989	51.0	m	2
1668	sub1298	25.0	f	1
1669	sub1681	51.0	f	2
1670	sub2251	27.02	f	5
1671	sub1241	19.0	m	8
1672	sub1771	30.0	m	3
1673	sub2865	59.0	f	2
1674	sub1942	19.0	f	4
1675	sub329	24.18	m	9
1676	sub965	48.0	f	2
1677	sub2723	31.0	f	8
1678	sub1629	26.0	f	2
1679	sub1341	30.0	m	13
1680	sub2086	24.0	m	3
1681	sub2816	27.0	f	2
1682	sub755	33.0	f	7
1683	sub990	20.0	f	1
1684	sub2399	27.0	f	2
1685	sub2269	62.06	f	9
1686	sub1553	20.0	m	13
1687	sub1877	73.0	f	14
1688	sub1042	30.0	f	13
1689	sub880	52.0	f	2
1690	sub2545	34.72	m	5
1691	sub1369	51.0	m	7
1692	sub2181	20.0	f	2
1693	sub370	23.0	f	2
1694	sub2321	32.0	f	2
1695	sub94	20.0	m	4
1696	sub2055	24.0	f	0
1697	sub993	35.52	m	9
1698	sub1344	24.0	f	8
1699	sub3078	28.0	f	2
1700	sub2620	54.0	m	10
1701	sub2578	18.0	f	2
1702	sub2249	45.0	f	2
1703	sub2442	44.0	f	2
1704	sub1082	64.0	f	14
1705	sub1676	20.0	f	4
1706	sub333	29.0	f	3
1707	sub1495	52.0	f	14
1708	sub2066	27.0	f	2
1709	sub2694	42.0	m	2
1710	sub2786	28.0	f	14
1711	sub2669	19.0	m	8
1712	sub1789	68.48	f	9
1713	sub2096	42.0	f	2
1714	sub522	20.0	f	8
1715	sub1551	33.0	m	0
1716	sub2880	66.0	f	14
1717	sub2617	21.0	f	2
1718	sub607	25.0	f	0
1719	sub3287	21.0	f	2
1720	sub3099	52.0	f	13
1721	sub2296	20.0	m	3
1722	sub1060	69.0	f	14
1723	sub1501	40.0	m	12
1724	sub456	25.0	f	1
1725	sub633	43.0	f	2
1726	sub2560	40.0	f	13
1727	sub2347	56.0	f	2
1728	sub872	42.0	f	2
1729	sub1731	19.0	m	14
1730	sub1897	19.0	f	8
1731	sub426	27.0	f	0
1732	sub1275	41.0	m	2
1733	sub2570	26.0	f	2
1734	sub593	43.0	f	14
1735	sub2210	44.0	m	14
1736	sub1805	21.0	f	2
1737	sub1620	45.0	f	14
1738	sub2840	30.0	f	13
1739	sub1865	56.0	f	0
1740	sub2315	30.0	m	0
1741	sub2523	35.0	m	2
1742	sub2760	29.0	m	8
1743	sub800	22.0	f	0
1744	sub2565	44.0	m	10
1745	sub886	23.0	m	2
1746	sub2118	79.0	m	6
1747	sub2893	67.06	f	9
1748	sub301	33.0	f	2
1749	sub988	68.0	m	14
1750	sub1836	27.0	m	10
1751	sub73	29.0	m	8
1752	sub401	59.0	f	14
1753	sub2751	51.0	m	2
1754	sub2309	47.0	f	2
1755	sub1316	35.0	m	8
1756	sub352	20.0	f	8
1757	sub2452	58.0	m	2
1758	sub1889	32.0	f	2
1759	sub1515	20.0	f	4
1760	sub3028	23.0	f	1
1761	sub2007	50.0	f	0
1762	sub2143	65.0	f	6
1763	sub2252	42.0	m	13
1764	sub649	27.84	f	9
1765	sub2624	26.0	f	8
1766	sub2831	63.25	m	9
1767	sub1095	26.0	f	2
1768	sub2135	27.73	f	9
1769	sub2965	56.0	f	2
1770	sub704	49.0	m	10
1771	sub3224	84.0	m	14
1772	sub489	51.75	m	9
1773	sub2205	28.57	f	5
1774	sub10	25.0	f	0
1775	sub1173	51.0	m	13
1776	sub806	34.0	m	2
1777	sub3218	46.0	m	2
1778	sub515	27.82	f	9
1779	sub1065	70.56	f	9
1780	sub587	18.0	m	8
1781	sub2077	29.0	m	0
1782	sub2127	29.0	f	0
1783	sub2622	27.0	m	0
1784	sub18	24.85	m	9
1785	sub2568	18.0	m	4
1786	sub115	58.0	f	2
1787	sub2625	22.0	f	4
1788	sub2256	30.0	m	0
1789	sub2783	43.0	m	2
1790	sub1827	32.0	f	3
1791	sub1936	27.0	f	2
1792	sub1393	34.0	m	3
1793	sub1389	53.0	m	2
1794	sub2140	40.0	m	2
1795	sub999	30.0	m	0
1796	sub2530	27.0	m	2
1797	sub2832	46.0	f	0
1798	sub110	20.0	m	4
1799	sub910	69.07	f	9
1800	sub1088	72.09	f	9
1801	sub336	29.0	f	2
1802	sub837	25.0	f	2
1803	sub2081	27.0	m	3
1804	sub343	65.0	f	14
1805	sub828	60.9	f	9
1806	sub1048	19.0	f	4
1807	sub1910	20.0	m	3
1808	sub3013	25.53	m	9
1809	sub1518	61.02	f	9
1810	sub1143	32.0	f	13
1811	sub233	30.07	m	9
1812	sub1443	68.12	f	11
1813	sub429	47.0	m	2
1814	sub2619	60.1	f	9
1815	sub2491	20.0	f	4
1816	sub2755	75.94	m	9
1817	sub1254	55.0	m	0
1818	sub410	61.0	f	2
1819	sub2209	28.51	f	9
1820	sub1272	22.0	f	2
1821	sub3236	18.0	m	2
1822	sub2520	78.0	f	14
1823	sub1378	46.0	f	0
1824	sub47	21.0	f	4
1825	sub1136	29.78	m	5
1826	sub2499	23.96	f	5
1827	sub2602	76.0	f	13
1828	sub645	28.0	f	13
1829	sub3268	23.0	m	8
1830	sub2485	20.0	f	8
1831	sub1430	21.0	m	3
1832	sub502	25.0	f	2
1833	sub2785	21.0	f	4
1834	sub1079	28.0	m	0
1835	sub3293	20.0	f	14
1836	sub1499	23.0	m	14
1837	sub2862	24.0	f	0
1838	sub208	54.0	f	2
1839	sub1116	58.0	m	0
1840	sub2503	34.0	f	2
1841	sub2589	37.0	f	2
1842	sub1015	40.04	f	9
1843	sub905	33.24	m	9
1844	sub3060	20.0	m	8
1845	sub877	19.0	m	4
1846	sub3106	24.0	f	8
1847	sub3064	19.0	f	13
1848	sub1482	21.0	m	3
1849	sub2377	69.28	m	9
1850	sub2821	51.66	f	9
1851	sub405	50.0	f	0
1852	sub2659	29.0	m	12
1853	sub457	25.0	m	2
1854	sub2076	26.0	f	1
1855	sub322	26.0	m	13
1856	sub1675	68.0	f	14
1857	sub927	19.0	m	4
1858	sub3117	31.0	m	10
1859	sub1157	23.0	f	16
1860	sub2302	24.0	f	2
1861	sub1888	53.41	f	9
1862	sub3146	23.0	m	2
1863	sub1064	19.0	f	8
1864	sub2091	23.0	f	13
1865	sub307	22.0	m	2
1866	sub1176	19.0	m	10
1867	sub1647	37.73	f	9
1868	sub3135	23.0	f	2
1869	sub200	40.0	f	12
1870	sub1622	55.0	f	2
1871	sub752	66.86	f	9
1872	sub790	21.0	f	4
1873	sub1868	52.0	f	0
1874	sub1092	21.0	m	14
1875	sub2973	22.0	m	3
1876	sub2817	50.0	f	14
1877	sub438	23.5921	f	15
1878	sub757	24.0	m	2
1879	sub1081	20.0	m	14
1880	sub791	21.0	f	0
1881	sub3286	20.0	f	14
1882	sub688	41.0	m	3
1883	sub1014	24.34	f	9
1884	sub2344	62.09	f	9
1885	sub1315	24.0	f	12
1886	sub1138	20.0	f	14
1887	sub1307	49.0	f	0
1888	sub2383	24.0	m	8
1889	sub984	18.0	f	4
1890	sub2515	36.22	m	9
1891	sub1070	19.0	m	4
1892	sub1388	26.0	m	0
1893	sub3068	39.0	f	0
1894	sub2742	19.0	m	8
1895	sub2462	59.0	f	2
1896	sub3229	45.0	f	10
1897	sub2724	57.74	m	9
1898	sub2069	24.0	m	1
1899	sub348	25.0	m	8
1900	sub841	44.0	f	2
1901	sub1926	19.0	f	4
1902	sub312	22.41	f	9
1903	sub2605	23.0	f	1
1904	sub1155	25.0	m	12
1905	sub3248	49.0	m	2
1906	sub1765	33.0	f	0
1907	sub2811	46.58	f	9
1908	sub368	80.0	f	14
1909	sub1349	46.0	m	13
1910	sub1703	32.0	m	2
1911	sub1280	24.0	m	2
1912	sub65	42.0	f	2
1913	sub86	44.88	f	9
1914	sub1642	59.0	m	2
1915	sub1350	21.0	f	0
1916	sub2042	35.0	m	0
1917	sub1101	41.9	f	9
1918	sub1849	18.0	f	8
1919	sub2242	74.0	m	14
1920	sub1728	30.0	m	8
1921	sub2809	20.0	f	4
1922	sub2768	18.0	f	2
1923	sub1760	23.0	f	8
1924	sub424	54.0	f	14
1925	sub2951	58.78	f	9
1926	sub1319	33.13	m	9
1927	sub1793	24.6133	f	15
1928	sub1352	40.0	m	2
1929	sub2046	50.0	f	2
1930	sub177	41.0	f	12
1931	sub1686	25.0	f	12
1932	sub1500	64.27	m	9
1933	sub1098	21.0	f	4
1934	sub1053	24.0	f	2
1935	sub1493	24.0	f	0
1936	sub995	21.0	f	8
1937	sub2803	25.0	f	13
1938	sub1087	22.0	m	14
1939	sub891	26.0	f	1
1940	sub676	72.0	f	14
1941	sub1532	22.0	m	16
1942	sub434	22.0	m	0
1943	sub2015	41.52	m	9
1944	sub2866	31.85	f	9
1945	sub1450	20.0	f	8
1946	sub578	25.0	f	0
1947	sub1658	60.07	f	9
1948	sub1918	55.0	m	13
1949	sub804	21.0	m	8
1950	sub2712	29.0	m	8
1951	sub2053	18.0	m	3
1952	sub304	22.0	m	0
1953	sub406	31.0	f	2
1954	sub256	31.37	m	9
1955	sub1742	49.0	f	2
1956	sub472	43.0	m	14
1957	sub1591	25.0	m	2
1958	sub1619	21.0	m	8
1959	sub423	22.0	m	2
1960	sub2407	40.0	m	0
1961	sub1835	25.0	f	8
1962	sub1721	64.0	m	2
1963	sub2313	21.2	f	9
1964	sub1673	26.75	f	9
1965	sub1813	27.0	m	2
1966	sub1810	29.0	m	8
1967	sub1283	18.0	f	14
1968	sub1696	55.0	f	0
1969	sub3234	33.0	f	2
1970	sub1769	23.0	f	0
1971	sub2195	35.0	m	1
1972	sub187	25.0	f	12
1973	sub1354	19.0	f	14
1974	sub235	21.0	m	8
1975	sub2087	56.68	m	9
1976	sub547	24.0	f	8
1977	sub3143	40.0	f	14
1978	sub870	55.66	m	9
1979	sub1071	36.0	m	2
1980	sub776	20.0	f	4
1981	sub3245	62.0	m	0
1982	sub2376	18.0	m	4
1983	sub2275	18.0	f	2
1984	sub2533	25.0	m	0
1985	sub608	57.0	f	2
1986	sub685	21.0	m	8
1987	sub2358	19.0	m	8
1988	sub1190	30.0	m	1
1989	sub1876	22.0	m	2
1990	sub1000	59.51	m	9
1991	sub1144	50.52	m	9
1992	sub244	69.07	f	9
1993	sub1985	29.0	m	10
1994	sub2892	33.0	f	2
1995	sub1436	44.0	m	2
1996	sub1716	20.0	m	8
1997	sub3129	18.0	m	8
1998	sub2082	53.0	f	7
1999	sub2850	41.0	m	2
2000	sub1441	21.0	f	2
2001	sub1600	54.0	f	14
2002	sub1846	32.0	f	8
2003	sub2652	24.0	f	14
2004	sub1677	25.0	f	2
2005	sub1255	36.71	m	9
2006	sub3010	34.0	m	9
2007	sub384	24.0	m	8
2008	sub2351	31.25	m	5
2009	sub1707	22.0	f	13
2010	sub808	41.2	f	9
2011	sub60	22.0	f	8
2012	sub2474	46.0	f	2
2013	sub458	42.0	f	2
2014	sub1490	64.65	f	9
2015	sub2259	73.54	f	9
2016	sub3035	41.12	m	9
2017	sub2346	68.51	m	9
2018	sub1924	21.0	m	4
2019	sub2650	37.0	m	2
2020	sub3296	43.08	f	9
2021	sub1540	30.89	m	9
2022	sub326	52.0	f	0
2023	sub1438	23.0	m	2
2024	sub3255	71.0	f	14
2025	sub3153	24.0	m	1
2026	sub286	29.0	m	0
2027	sub1461	25.0	f	2
2028	sub238	26.92	m	9
2029	sub132	55.0	m	6
2030	sub2196	72.01	f	9
2031	sub2278	26.0	m	8
2032	sub859	24.0	m	3
2033	sub2004	27.0	m	0
2034	sub2664	20.0	f	0
2035	sub354	23.0	m	3
2036	sub2585	19.0	f	0
2037	sub1185	45.26	m	9
2038	sub2993	65.91	f	9
2039	sub569	64.47	m	9
2040	sub1648	26.0	f	0
2041	sub3141	50.0	f	2
2042	sub1484	30.66	f	5
2043	sub2934	72.33	f	9
2044	sub2836	20.0	m	4
2045	sub2370	26.0	m	2
2046	sub387	18.0	f	0
2047	sub653	68.12	m	9
2048	sub721	22.0	f	4
2049	sub462	47.0	m	2
2050	sub446	22.0	f	4
2051	sub885	35.07	m	9
2052	sub570	26.0	f	2
2053	sub567	25.0	f	0
2054	sub1901	26.0	f	8
2055	sub2765	35.0	f	2
2056	sub947	29.0	m	8
2057	sub2148	42.0	m	0
2058	sub34	52.0	m	1
2059	sub679	25.0	m	0
2060	sub3054	25.0	m	3
2061	sub3252	20.0	f	0
2062	sub785	61.0	f	0
2063	sub2848	24.88	f	5
2064	sub1667	24.0	f	2
2065	sub2819	20.0	f	14
2066	sub527	24.0	f	4
2067	sub3030	22.0	f	1
2068	sub1567	47.0	f	2
2069	sub1766	70.14	f	9
2070	sub240	31.0	f	0
2071	sub3171	63.19	m	9
2072	sub3262	30.0	f	0
2073	sub1998	33.0	m	7
2074	sub539	81.94	f	9
2075	sub2582	20.0	f	4
2076	sub2923	23.0	m	3
2077	sub2156	58.0	f	14
2078	sub1611	40.0	f	8
2079	sub3216	42.0	m	2
2080	sub1718	40.0	f	14
2081	sub2798	41.89	f	9
2082	sub2812	52.0	f	2
2083	sub485	41.0	m	0
2084	sub906	47.0	f	2
2085	sub971	61.0	f	13
2086	sub2962	41.0	f	2
2087	sub2883	53.0	f	2
2088	sub996	24.0	m	8
2089	sub1335	20.0	f	8
2090	sub1169	23.0	f	1
2091	sub2935	52.0	m	2
2092	sub517	25.0	f	1
2093	sub279	29.0	m	1
2094	sub2078	20.0	f	3
2095	sub3090	20.0	m	0
2096	sub2559	53.0	m	2
2097	sub635	61.0	m	14
2098	sub2498	23.0	m	0
2099	sub1049	54.19	f	9
2100	sub1616	20.0	f	2
2101	sub1469	43.0	m	13
2102	sub2410	45.0	m	2
2103	sub161	41.0	f	14
2104	sub2149	46.22	m	9
2105	sub1777	29.0	m	8
2106	sub215	22.0	f	2
2107	sub2385	33.59	m	5
2108	sub1966	43.46	f	9
2109	sub2685	23.0	f	2
2110	sub1235	22.0	f	2
2111	sub774	40.53	m	9
2112	sub2675	24.0	f	4
2113	sub2034	53.41	f	9
2114	sub2666	23.0	m	0
2115	sub1774	24.4983	f	15
2116	sub3168	25.0	m	1
2117	sub1175	73.0	f	14
2118	sub2758	20.0	m	4
2119	sub445	50.0	f	0
